Date,Price,High,Low,Close,,Volume
01-01-2022,3683.047119,3769.917969,3682.286621,3769.697021,,9776191466
02-01-2022,3769.29834,3836.161865,3727.357422,3829.564941,,9881471548
03-01-2022,3829.535645,3836.19873,3698.047607,3761.380371,,12080777893
04-01-2022,3761.361572,3876.785156,3723.349854,3794.056641,,14030925983
05-01-2022,3794.269043,3842.059814,3456.745361,3550.386963,,18061338502
06-01-2022,3549.708984,3549.708984,3335.376709,3418.408203,,24293791313
07-01-2022,3417.837891,3420.461914,3117.381348,3193.210449,,24494179209
08-01-2022,3193.502441,3240.304443,3020.880859,3091.972656,,16037732700
09-01-2022,3091.696289,3206.790771,3075.911377,3157.751465,,12334683863
10-01-2022,3157.570557,3177.213379,2947.683594,3083.0979,,19535744145
11-01-2022,3082.990967,3247.511963,3061.140625,3238.111572,,15211447193
12-01-2022,3238.449951,3401.219971,3216.718018,3372.258301,,16662871689
13-01-2022,3372.10498,3396.969727,3247.91748,3248.288574,,15294466275
14-01-2022,3248.648682,3330.766113,3203.82373,3310.001465,,13562957230
15-01-2022,3309.844238,3364.537842,3278.670898,3330.530762,,9619999078
16-01-2022,3330.387207,3376.401123,3291.563721,3350.921875,,9505934874
17-01-2022,3350.947266,3355.819336,3157.224121,3212.304932,,12344309617
18-01-2022,3212.287598,3236.016113,3096.123535,3164.025146,,13024154091
19-01-2022,3163.850342,3171.158447,3055.212402,3095.825928,,13187424144
20-01-2022,3095.271729,3265.336914,3000.908203,3001.120117,,10645922764
21-01-2022,3002.956787,3029.081055,2496.812988,2557.931641,,26796291874
22-01-2022,2561.145264,2615.247314,2330.247314,2405.181152,,27369692036
23-01-2022,2406.924316,2542.144775,2381.515137,2535.039063,,16481489511
24-01-2022,2535.891113,2537.208496,2172.30127,2440.352295,,28220804648
25-01-2022,2440.393555,2498.50708,2359.384766,2455.935059,,16179776932
26-01-2022,2455.579102,2705.78418,2417.683105,2468.030273,,21229909340
27-01-2022,2467.188477,2510.45166,2328.452148,2423.001221,,16126522783
28-01-2022,2421.646973,2548.778564,2367.83374,2547.092041,,14666227351
29-01-2022,2546.590576,2627.609375,2526.989746,2597.084717,,11172062661
30-01-2022,2598.564941,2631.408447,2550.460938,2603.466553,,9501221177
31-01-2022,2603.263428,2697.735352,2489.072266,2688.278809,,13778234614
01-02-2022,2687.898926,2802.31543,2682.621826,2792.117188,,13194846235
02-02-2022,2791.958984,2802.212158,2630.120361,2682.854004,,13876301217
03-02-2022,2682.226074,2712.482666,2587.783447,2679.162598,,12755505065
04-02-2022,2681.057617,2983.586914,2675.443848,2983.586914,,18987223729
05-02-2022,2984.446045,3054.130127,2966.781006,3014.648193,,13102093957
06-02-2022,3014.959717,3061.26123,2965.429932,3057.476074,,9466018022
07-02-2022,3057.422119,3182.52832,3002.927002,3142.470703,,15197063785
08-02-2022,3143.008545,3219.472656,3038.37793,3122.608643,,17136080906
09-02-2022,3121.182617,3263.155762,3063.160156,3239.457031,,13951308490
10-02-2022,3240.113037,3271.316162,3070.378174,3077.482178,,18629485080
11-02-2022,3077.413086,3127.450684,2888.707764,2927.383545,,16043881065
12-02-2022,2927.386475,2980.079346,2870.177002,2917.362793,,11254355757
13-02-2022,2916.789551,2947.776611,2845.397705,2883.463379,,9054963563
14-02-2022,2880.187744,2957.963623,2840.257568,2933.479004,,12164552172
15-02-2022,2933.729004,3185.520752,2917.857178,3179.877197,,13921257873
16-02-2022,3180.446777,3181.616943,3055.168213,3127.830078,,12352406833
17-02-2022,3126.858398,3154.615234,2861.852051,2881.481934,,15860206214
18-02-2022,2884.340576,2937.308594,2761.643311,2785.727539,,15748173433
19-02-2022,2784.872803,2826.3479,2707.378418,2763.701172,,9774183169
20-02-2022,2763.756592,2763.756592,2585.946289,2628.648438,,11641437834
21-02-2022,2627.665527,2752.458496,2568.254395,2573.816162,,18646392740
22-02-2022,2572.898682,2648.916748,2510.678711,2639.299316,,16360200507
23-02-2022,2639.447021,2741.368408,2587.412842,2590.359619,,13382637240
24-02-2022,2588.16626,2689.047607,2308.914795,2598.067139,,29312342666
25-02-2022,2598.436279,2821.972412,2579.208008,2764.535645,,17208902048
26-02-2022,2764.989502,2849.424072,2745.009033,2781.111816,,11724648351
27-02-2022,2780.504395,2831.125488,2581.615723,2621.801758,,16150857254
28-02-2022,2621.172119,2929.18042,2586.388184,2919.201172,,19266124733
01-03-2022,2919.775879,3029.651611,2868.938965,2972.485107,,18757425786
02-03-2022,2972.471924,3026.868164,2919.943115,2950.118408,,16636517503
03-03-2022,2950.156738,2964.67334,2797.319336,2834.468994,,13091199728
04-03-2022,2834.987305,2835.17627,2587.748291,2617.156006,,14496939024
05-03-2022,2618.473633,2679.102539,2596.98999,2664.831055,,8072368396
06-03-2022,2664.943604,2673.637207,2555.037354,2555.037354,,8872976607
07-03-2022,2555.297607,2639.943115,2455.59375,2497.77124,,14594098731
08-03-2022,2497.721436,2618.166016,2489.755127,2576.747559,,13922922903
09-03-2022,2577.165283,2761.796387,2573.655273,2729.783447,,14173665398
10-03-2022,2729.116455,2729.116455,2566.193115,2608.048584,,13292477213
11-03-2022,2608.27124,2664.558594,2534.688232,2559.562988,,12382419582
12-03-2022,2559.660645,2606.438721,2559.126953,2574.75415,,6532996574
13-03-2022,2573.488037,2594.549805,2503.885254,2518.94458,,8632000379
14-03-2022,2518.486328,2604.034424,2505.299316,2590.696045,,11244398839
15-03-2022,2590.668945,2662.32959,2515.765869,2620.149658,,12861105614
16-03-2022,2620.028564,2781.307129,2610.764404,2772.055664,,17915109769
17-03-2022,2771.964111,2826.160645,2751.560791,2814.854492,,12685265194
18-03-2022,2814.43457,2973.616211,2774.855713,2945.343018,,15830879093
19-03-2022,2944.72168,2979.987061,2910.802246,2946.25708,,11576463120
20-03-2022,2946.547607,2956.965576,2826.107422,2860.459229,,12684727326
21-03-2022,2860.103271,2954.556641,2838.250488,2897.976563,,15206116098
22-03-2022,2897.77417,3040.382813,2892.544434,2973.131104,,16830539230
23-03-2022,2973.14502,3036.752197,2933.306641,3031.067139,,16008767658
24-03-2022,3031.060791,3118.387695,3012.32666,3108.062012,,18070503166
25-03-2022,3108.448975,3183.958008,3087.490723,3106.671387,,17030503831
26-03-2022,3106.405273,3146.825439,3091.825439,3143.178955,,8876420740
27-03-2022,3143.795654,3291.577637,3129.997803,3291.577637,,13431866834
28-03-2022,3292.32251,3424.019287,3279.0271,3336.634521,,20620450770
29-03-2022,3335.02124,3470.186279,3335.02124,3401.987793,,19533323636
30-03-2022,3401.526123,3435.286133,3349.237061,3385.157959,,15302506131
31-03-2022,3385.289307,3435.128418,3272.93457,3281.642822,,17685495686
01-04-2022,3282.576172,3467.555908,3223.891357,3449.552246,,20982988937
02-04-2022,3449.788574,3521.284668,3442.000244,3445.059326,,23571556215
03-04-2022,3444.810547,3573.960205,3421.259766,3522.833496,,15333808649
04-04-2022,3522.36499,3535.148193,3422.000977,3521.241211,,18209969743
05-04-2022,3521.239746,3546.706787,3410.547607,3411.79248,,16681503199
06-04-2022,3411.672119,3411.672119,3171.205078,3171.691895,,25632563639
07-04-2022,3172.197266,3263.474609,3155.581055,3233.274658,,16745496605
08-04-2022,3233.272461,3301.607422,3179.142334,3192.073975,,17557050669
09-04-2022,3191.976074,3261.963135,3187.469238,3261.91626,,9908112156
10-04-2022,3261.291504,3303.003174,3211.866943,3211.866943,,10427054790
11-04-2022,3209.576904,3214.461914,2962.756592,2981.052246,,21891804831
12-04-2022,2981.420654,3077.452637,2957.872314,3030.376465,,20235707410
13-04-2022,3029.87793,3123.575439,3006.481689,3118.344238,,16088473629
14-04-2022,3117.821777,3139.928711,2988.435303,3019.909424,,15821419931
15-04-2022,3020.134521,3044.287354,3001.123291,3040.916504,,11256651536
16-04-2022,3041.123291,3074.886963,3016.421143,3062.310303,,8766710365
17-04-2022,3061.881836,3075.775879,2989.043945,2993.40332,,10463091281
18-04-2022,2993.483887,3062.520996,2893.912842,3057.606689,,18629381299
19-04-2022,3057.570313,3125.084229,3035.535156,3104.106445,,14156035096
20-04-2022,3103.935059,3157.885742,3045.28833,3077.74585,,15547362265
21-04-2022,3077.829346,3173.451416,2962.4104,2987.480713,,20783591093
22-04-2022,2986.938721,3024.854492,2942.358643,2964.835693,,16782795477
23-04-2022,2964.802246,2975.322754,2926.740234,2938.114014,,9116955609
24-04-2022,2937.347168,2961.88208,2922.128662,2922.732666,,9696829579
25-04-2022,2922.990234,3018.415527,2804.50708,3009.393555,,22332690614
26-04-2022,3008.946289,3026.415039,2786.253174,2808.29834,,19052045399
27-04-2022,2808.645996,2911.877441,2802.273438,2888.929688,,17419284041
28-04-2022,2888.849854,2973.13501,2861.821533,2936.940918,,18443524633
29-04-2022,2936.776611,2943.445801,2782.435303,2815.601807,,18771041399
30-04-2022,2815.533447,2836.827637,2727.40625,2730.186768,,13520941867
01-05-2022,2729.994141,2838.704346,2728.078857,2827.756104,,15332730152
02-05-2022,2827.614014,2874.145996,2785.522949,2857.4104,,18609741545
03-05-2022,2857.152344,2859.193359,2762.118652,2783.476318,,13026093219
04-05-2022,2783.131104,2956.686768,2779.273682,2940.644775,,18186749944
05-05-2022,2940.226563,2948.960693,2704.91626,2749.213135,,22642925048
06-05-2022,2748.931641,2754.837646,2645.335205,2694.979736,,21027599270
07-05-2022,2694.991943,2696.652832,2599.523438,2636.093018,,13369276367
08-05-2022,2636.121826,2638.830566,2498.430176,2517.459961,,20802269935
09-05-2022,2518.508301,2528.258057,2238.062744,2245.43042,,36333567678
10-05-2022,2242.650391,2450.760254,2206.756836,2343.510986,,38202099639
11-05-2022,2342.75415,2441.079346,2018.855591,2072.108643,,45743399154
12-05-2022,2072.504639,2170.458008,1748.303101,1961.701538,,42463486402
13-05-2022,1960.122559,2139.713379,1941.975952,2014.418213,,24816096567
14-05-2022,2014.28064,2063.429932,1956.572998,2056.273926,,15457044616
15-05-2022,2056.183105,2147.194336,2008.16272,2145.706787,,14846088335
16-05-2022,2145.836914,2145.836914,1988.811768,2022.725952,,21459552191
17-05-2022,2022.882324,2113.059814,2015.971558,2090.40918,,18509929297
18-05-2022,2090.459961,2102.32666,1916.656128,1916.656128,,17740965589
19-05-2022,1916.149536,2028.388184,1907.020508,2018.336182,,18734247914
20-05-2022,2018.000122,2054.795898,1926.676758,1961.315674,,15892482289
21-05-2022,1961.017944,1985.395996,1944.265137,1974.518311,,8546822406
22-05-2022,1974.670654,2047.191406,1966.038818,2043.170166,,10941123403
23-05-2022,2042.344727,2080.333496,1964.386597,1972.181885,,16434529708
24-05-2022,1972.390869,1991.535522,1920.68811,1978.982788,,13057109007
25-05-2022,1978.677002,2014.369507,1943.938599,1944.827881,,13364545730
26-05-2022,1945.033325,1962.171143,1759.199585,1803.91333,,23458681818
27-05-2022,1802.543823,1814.656494,1721.264771,1724.922852,,25470760032
28-05-2022,1724.635986,1757.941772,1724.635986,1757.941772,,23214777872
29-05-2022,1792.184448,1818.776611,1765.937378,1812.031006,,10642556101
30-05-2022,1811.885986,2005.210815,1804.456055,1996.441284,,19580808705
31-05-2022,1996.408081,2005.490967,1932.352051,1942.328003,,18363115560
01-06-2022,1942.050659,1965.166626,1776.053223,1823.569336,,21037797760
02-06-2022,1822.412109,1845.313965,1789.664185,1834.150513,,17065041354
03-06-2022,1834.13501,1840.058838,1746.509766,1775.078613,,14878001811
04-06-2022,1775.220825,1810.299683,1751.533325,1801.609497,,8677951273
05-06-2022,1801.81897,1825.859619,1777.133301,1805.204956,,8850385937
06-06-2022,1805.635986,1915.030518,1804.990234,1859.289673,,16518471852
07-06-2022,1859.33374,1862.914917,1729.413574,1814.04834,,24020076750
08-06-2022,1814.100708,1830.676025,1770.231201,1793.572266,,18041476023
09-06-2022,1793.512817,1827.293091,1779.867554,1789.82605,,12013083393
10-06-2022,1789.689941,1797.607788,1663.43396,1665.042236,,18504740451
11-06-2022,1665.217896,1679.314209,1507.03894,1529.663452,,21127089064
12-06-2022,1530.189697,1539.705078,1436.18396,1445.216553,,23465074882
13-06-2022,1443.835449,1448.738037,1181.948242,1204.582764,,45162788786
14-06-2022,1204.555298,1252.471802,1094.701904,1211.662842,,33327826525
15-06-2022,1211.365967,1236.627563,1025.684204,1233.206421,,37539999450
16-06-2022,1233.603516,1246.140625,1058.784546,1067.730713,,18907671369
17-06-2022,1067.987671,1112.471558,1060.867676,1086.519287,,14591486540
18-06-2022,1086.37793,1095.16687,896.109009,993.63678,,21655406608
19-06-2022,993.400635,1142.34082,943.116333,1127.656494,,21795481981
20-06-2022,1127.65625,1159.985352,1066.113159,1127.642456,,19739691429
21-06-2022,1127.511841,1185.432495,1112.572632,1124.824585,,15632089439
22-06-2022,1125.372925,1126.261719,1049.763306,1051.421875,,15010593493
23-06-2022,1051.329346,1146.494263,1050.219604,1143.386719,,14657862919
24-06-2022,1143.204712,1238.616943,1134.514038,1226.844727,,16981552654
25-06-2022,1226.724731,1246.394287,1184.562012,1243.446899,,12481946184
26-06-2022,1242.987549,1272.131226,1199.406372,1199.831665,,12096607824
27-06-2022,1199.713135,1234.180786,1179.79248,1193.680664,,12492225250
28-06-2022,1193.254028,1229.739014,1141.159668,1144.579224,,14023205651
29-06-2022,1144.524414,1152.684814,1092.099121,1098.943848,,15386286815
30-06-2022,1099.353149,1103.69043,1009.094849,1067.298828,,16350755497
01-07-2022,1068.316772,1100.223877,1040.150757,1059.767334,,17499453625
02-07-2022,1060.121216,1073.052612,1033.962158,1066.512817,,9935603640
03-07-2022,1066.467407,1083.418945,1044.005615,1073.766968,,8557248150
04-07-2022,1073.794312,1152.943848,1048.396362,1151.059082,,13670889311
05-07-2022,1150.509766,1165.682739,1086.829956,1134.541016,,16195518291
06-07-2022,1134.822266,1193.636719,1116.247559,1186.973999,,15373536703
07-07-2022,1186.960938,1246.894897,1165.623169,1237.593384,,14230795894
08-07-2022,1237.580322,1262.885742,1200.632202,1222.506226,,16315929082
09-07-2022,1222.306885,1228.767944,1209.377563,1216.978271,,8821353104
10-07-2022,1216.904419,1216.904419,1157.175537,1168.401611,,10984558039
11-07-2022,1168.139038,1169.193848,1095.002808,1097.236572,,12064180410
12-07-2022,1097.259155,1097.259155,1038.13562,1038.19165,,12583282453
13-07-2022,1038.186646,1113.587158,1019.220337,1113.587158,,18302588147
14-07-2022,1113.515747,1202.953369,1077.405762,1191.526245,,16688640823
15-07-2022,1191.674805,1275.778198,1182.903198,1233.12915,,17411448225
16-07-2022,1232.791626,1377.94458,1195.605957,1352.626465,,18364013796
17-07-2022,1353.205078,1378.41748,1329.763306,1338.635742,,16079711737
18-07-2022,1338.80603,1578.717896,1338.80603,1578.717896,,27440420623
19-07-2022,1578.383911,1607.033081,1501.797485,1542.97522,,27753529276
20-07-2022,1542.954346,1612.645752,1500.803223,1520.200684,,22942708340
21-07-2022,1520.374512,1595.761963,1472.185425,1576.749512,,20009556587
22-07-2022,1576.745361,1641.209229,1523.641724,1537.405151,,18926100582
23-07-2022,1536.457397,1591.632568,1495.678101,1549.297485,,14998811383
24-07-2022,1549.222534,1654.428711,1548.671143,1599.476685,,17217849557
25-07-2022,1599.157227,1605.336914,1445.383423,1445.383423,,20585056021
26-07-2022,1445.151123,1445.151123,1362.95166,1441.806763,,18238563509
27-07-2022,1443.726807,1636.799438,1423.618896,1636.232666,,23007524016
28-07-2022,1636.231934,1774.576416,1604.890991,1725.46814,,27231399966
29-07-2022,1725.623901,1759.884033,1662.791138,1727.406982,,23249531113
30-07-2022,1727.06189,1738.016846,1678.108032,1695.969482,,15576977870
31-07-2022,1695.884766,1745.883179,1672.612793,1681.517334,,14200735370
01-08-2022,1681.445557,1700.170898,1613.416016,1635.195801,,16191371176
02-08-2022,1634.645874,1672.629761,1567.851074,1632.945435,,20426082309
03-08-2022,1633.05127,1678.098267,1595.634521,1618.874512,,16786218830
04-08-2022,1618.886719,1658.511597,1585.326538,1608.205811,,14467440626
05-08-2022,1607.523926,1732.254639,1606.49707,1732.254639,,18546491876
06-08-2022,1732.661133,1744.326416,1691.658081,1691.658081,,11757911705
07-08-2022,1691.777954,1724.789185,1672.908447,1699.35083,,10252090340
08-08-2022,1699.693481,1806.886475,1697.407959,1775.516113,,16841424404
09-08-2022,1776.071289,1786.122559,1675.849854,1703.025024,,16368619692
10-08-2022,1702.906494,1869.400635,1665.090454,1851.742676,,23512477984
11-08-2022,1851.828369,1927.939209,1851.828369,1881.224121,,23826986482
12-08-2022,1880.89917,1957.552979,1860.083496,1957.24646,,17168141904
13-08-2022,1957.333984,2013.755737,1948.595215,1981.336548,,16038975216
14-08-2022,1981.782471,2022.791504,1919.010132,1936.802002,,14062754456
15-08-2022,1936.760498,2007.210327,1881.856812,1904.228149,,20349931313
16-08-2022,1902.83313,1910.745361,1862.273438,1878.139404,,15637578930
17-08-2022,1877.934326,1951.675659,1823.532227,1832.999634,,20308508124
18-08-2022,1833.715576,1876.376953,1826.957764,1847.007813,,14999352229
19-08-2022,1847.095337,1847.095337,1611.338867,1612.987305,,25906358731
20-08-2022,1612.650635,1652.21875,1534.298828,1577.003784,,18334580263
21-08-2022,1576.543579,1640.936523,1569.046509,1619.31897,,15849221752
22-08-2022,1619.16687,1622.778809,1535.014771,1622.505859,,18557078599
23-08-2022,1622.939331,1666.676514,1569.428589,1662.769897,,18322041914
24-08-2022,1662.695435,1686.557739,1610.099243,1657.059204,,16780932907
25-08-2022,1657.336548,1718.183228,1656.856079,1696.457031,,14818795695
26-08-2022,1696.324585,1698.561035,1498.77124,1507.782837,,26713710143
27-08-2022,1508.156982,1517.150024,1454.282959,1491.39502,,18120831899
28-08-2022,1491.206787,1505.791992,1430.547363,1430.547363,,12823572918
29-08-2022,1430.439453,1556.30957,1427.728394,1553.037354,,17965837488
30-08-2022,1553.188965,1600.461182,1480.831787,1523.838867,,21835784470
31-08-2022,1524.286499,1612.358887,1524.286499,1553.684937,,20591680941
01-09-2022,1553.756348,1593.082764,1520.188354,1586.176758,,16434276817
02-09-2022,1586.017944,1643.183228,1551.87793,1577.220459,,17708478709
03-09-2022,1577.213745,1579.454346,1541.672119,1556.872681,,9516825994
04-09-2022,1556.895874,1578.009277,1543.698853,1577.641602,,8884144998
05-09-2022,1577.884033,1621.661377,1559.78186,1617.183228,,13060541168
06-09-2022,1617.240234,1680.595337,1561.748535,1561.748535,,22946059125
07-09-2022,1560.906738,1651.051147,1500.013672,1629.906372,,19560363854
08-09-2022,1629.805176,1655.064087,1603.063843,1635.347656,,17621046717
09-09-2022,1635.187744,1735.809814,1632.836548,1719.085449,,20242323690
10-09-2022,1718.961304,1784.497803,1710.296997,1776.203735,,13130928217
11-09-2022,1775.976074,1782.729858,1730.164795,1761.800049,,12464301922
12-09-2022,1762.084839,1778.163452,1698.293457,1713.765259,,17688391310
13-09-2022,1713.962524,1745.779053,1564.03186,1580.787964,,23066821734
14-09-2022,1574.858154,1642.157227,1564.03186,1634.755005,,17897150206
15-09-2022,1635.083008,1648.945679,1466.139404,1471.693481,,26946275878
16-09-2022,1471.928345,1480.564209,1415.581299,1432.447754,,16764804299
17-09-2022,1432.876465,1473.060425,1415.042358,1469.741699,,10798098671
18-09-2022,1469.705444,1469.705444,1331.494751,1335.329102,,15762284723
19-09-2022,1335.270752,1388.272217,1287.420898,1377.541382,,18712714223
20-09-2022,1377.619019,1381.965698,1319.201416,1324.388184,,14722317220
21-09-2022,1324.215576,1384.476929,1229.426758,1252.607788,,20643507800
22-09-2022,1251.567383,1336.157837,1240.968262,1327.680176,,18461527259
23-09-2022,1327.481201,1353.28833,1270.198364,1328.259521,,18771106339
24-09-2022,1328.244629,1346.255249,1312.640259,1317.993286,,12098209717
25-09-2022,1317.938477,1333.371338,1275.627686,1294.216797,,11802651633
26-09-2022,1294.386108,1335.526367,1282.049316,1335.32019,,16034549271
27-09-2022,1335.337036,1396.891479,1308.991455,1330.127686,,17870598937
28-09-2022,1329.541382,1351.964478,1267.869263,1337.410889,,18994979566
29-09-2022,1337.554443,1348.107666,1293.193359,1335.652344,,13796915736
30-09-2022,1335.646484,1368.743408,1320.383179,1327.978638,,14250100093
01-10-2022,1328.193726,1332.516479,1306.102539,1311.644409,,6227961237
02-10-2022,1311.753418,1316.330078,1275.33606,1276.093506,,7578351650
03-10-2022,1276.163452,1326.554443,1271.150879,1323.439209,,10153070907
04-10-2022,1323.27832,1364.970947,1320.07666,1362.126587,,10139774963
05-10-2022,1361.9729,1362.451782,1320.855103,1352.837158,,9774451820
06-10-2022,1352.806641,1380.404907,1349.449951,1351.709473,,12033514861
07-10-2022,1351.836426,1359.328125,1321.746094,1332.516968,,10061619355
08-10-2022,1332.371338,1335.954834,1307.072998,1315.500488,,5804676208
09-10-2022,1315.460205,1327.668823,1309.344604,1322.604248,,5486230123
10-10-2022,1322.618652,1335.66272,1291.337646,1291.337646,,8794491050
11-10-2022,1291.109619,1296.273926,1272.737671,1279.575684,,9274845260
12-10-2022,1279.7323,1303.075195,1277.527466,1294.906372,,8355638578
13-10-2022,1294.917358,1297.564209,1209.278198,1288.123901,,17499038202
14-10-2022,1288.048706,1339.744751,1285.378296,1297.422119,,13113767755
15-10-2022,1297.305908,1300.745972,1268.468506,1274.871704,,6798512624
16-10-2022,1275.005493,1312.634521,1275.005493,1306.296631,,7491625206
17-10-2022,1306.30957,1335.647827,1297.447266,1331.713623,,9401189650
18-10-2022,1331.669922,1339.085938,1291.660645,1310.447021,,10416747806
19-10-2022,1310.56311,1312.442383,1283.965332,1285.744263,,8350692785
20-10-2022,1285.660278,1307.855103,1275.323975,1283.200928,,9009111996
21-10-2022,1283.18811,1305.081299,1260.666748,1299.946411,,10412565245
22-10-2022,1299.902344,1317.101074,1295.946899,1314.299194,,7175324564
23-10-2022,1314.249512,1367.760742,1302.908813,1363.447021,,9909510925
24-10-2022,1363.491821,1368.425537,1327.854004,1344.998535,,13092820173
25-10-2022,1344.711304,1509.985474,1336.978882,1461.665405,,25367291294
26-10-2022,1461.133179,1584.636719,1460.428711,1566.56665,,32705548427
27-10-2022,1566.841431,1574.403442,1510.816772,1514.374878,,22813499245
28-10-2022,1514.32312,1568.633911,1493.871094,1555.477905,,19974623205
29-10-2022,1555.274658,1652.382202,1549.983643,1619.698486,,21618154775
30-10-2022,1619.697876,1637.037842,1579.485229,1590.783325,,13930073427
31-10-2022,1590.481323,1630.452881,1555.918945,1572.714478,,19306919714
01-11-2022,1572.645386,1606.605713,1568.098511,1579.70459,,14507311208
02-11-2022,1579.497925,1613.410645,1507.244751,1519.711792,,23254218281
03-11-2022,1519.724854,1556.759644,1517.101685,1531.541748,,14248351007
04-11-2022,1531.397583,1661.334717,1529.268433,1645.093384,,20806964347
05-11-2022,1645.156494,1660.48645,1625.964233,1627.968018,,11006973190
06-11-2022,1627.901123,1634.132446,1572.234741,1572.234741,,11632744705
07-11-2022,1572.016968,1604.475342,1550.415527,1568.591309,,15279963349
08-11-2022,1568.32959,1574.799805,1259.443115,1332.835571,,42048003440
09-11-2022,1333.122437,1335.74353,1083.285645,1100.1698,,38864492427
10-11-2022,1100.107178,1341.791138,1093.122559,1299.4646,,28581002122
11-11-2022,1298.882446,1302.295288,1211.32959,1287.221069,,20920539099
12-11-2022,1287.438354,1288.150879,1242.152222,1255.268311,,10964962767
13-11-2022,1255.441284,1271.712524,1208.520996,1221.819214,,10717455214
14-11-2022,1221.895508,1284.217651,1178.429077,1241.604248,,15028035663
15-11-2022,1241.677734,1283.19873,1238.688232,1251.736206,,11798011594
16-11-2022,1251.808838,1264.486328,1192.987793,1215.602539,,11939561598
17-11-2022,1215.848633,1224.965698,1189.15271,1200.808594,,9723646871
18-11-2022,1200.802124,1226.737427,1200.802124,1212.300293,,7979913378
19-11-2022,1212.215454,1227.83728,1200.475586,1218.426758,,5978745776
20-11-2022,1218.436279,1224.077759,1137.933228,1142.466675,,9651002684
21-11-2022,1142.395752,1142.395752,1084.8573,1108.353027,,14080099208
22-11-2022,1107.895996,1136.442627,1081.138184,1135.173462,,12040670755
23-11-2022,1135.421509,1184.997314,1130.022827,1183.199585,,11242676044
24-11-2022,1183.345093,1211.627441,1180.379761,1203.983154,,9706372376
25-11-2022,1203.799438,1203.799438,1174.823364,1198.925903,,5483308196
26-11-2022,1198.790527,1227.038086,1198.0979,1205.897949,,5074160558
27-11-2022,1205.905273,1220.349487,1195.039063,1195.126953,,4486976868
28-11-2022,1194.960327,1198.737671,1156.0625,1170.086182,,7275411870
29-11-2022,1169.87439,1222.164185,1163.477539,1216.901245,,7639405818
30-11-2022,1216.928711,1302.038696,1215.497925,1295.688599,,9836925304
01-12-2022,1295.769531,1295.999878,1267.708496,1276.273926,,6857935276
02-12-2022,1276.328613,1294.303345,1269.243164,1294.303345,,6213645709
03-12-2022,1294.456543,1299.840332,1241.431885,1243.334839,,5672609405
04-12-2022,1243.219238,1281.49231,1242.911743,1280.256592,,5174128454
05-12-2022,1279.998901,1302.237549,1252.472412,1259.676758,,6120359523
06-12-2022,1259.854248,1271.923218,1247.629883,1271.653809,,5089212680
07-12-2022,1271.553101,1272.694092,1224.447998,1232.4375,,5752205180
08-12-2022,1232.451782,1286.229736,1226.358521,1281.116333,,6227269815
09-12-2022,1281.077271,1290.05542,1260.818726,1264.28479,,5706183865
10-12-2022,1264.375488,1279.527954,1262.119873,1266.384155,,3282499999
11-12-2022,1266.417847,1281.783203,1260.663696,1263.86853,,3362005848
12-12-2022,1263.573486,1275.610352,1243.477783,1274.619019,,5151109364
13-12-2022,1274.662476,1341.439331,1258.472412,1320.549194,,8812883119
14-12-2022,1320.688599,1346.174438,1305.833374,1309.328735,,7830915428
15-12-2022,1309.190796,1311.067139,1262.689331,1266.353882,,6032859783
16-12-2022,1266.460571,1278.156982,1162.175659,1168.259399,,9297811507
17-12-2022,1168.066772,1189.045044,1165.407837,1188.149536,,5077258586
18-12-2022,1188.12854,1194.214478,1176.185791,1184.71521,,3350092519
19-12-2022,1184.758301,1192.923828,1160.377197,1167.609863,,4943628091
20-12-2022,1167.88269,1224.092651,1165.599487,1217.703613,,6684951715
21-12-2022,1217.586426,1218.192261,1206.440063,1213.599976,,4217182733
22-12-2022,1213.672607,1221.986816,1187.127808,1218.182129,,5297471739
23-12-2022,1218.079346,1226.998779,1215.994873,1220.159424,,4835831923
24-12-2022,1220.11792,1224.911621,1216.338745,1221.14856,,2626153345
25-12-2022,1221.171509,1223.517822,1203.719604,1218.962036,,3942720070
26-12-2022,1218.920166,1226.974365,1214.335938,1226.974365,,3282098400
27-12-2022,1226.987061,1230.418091,1205.89563,1212.791626,,4091530737
28-12-2022,1212.736572,1213.128906,1185.702148,1189.986084,,4991669631
29-12-2022,1190.010132,1204.141602,1188.360229,1201.595337,,4132233940
30-12-2022,1201.56958,1202.034668,1187.462524,1199.232788,,4055668253
31-12-2022,1199.360107,1205.088623,1194.203735,1196.77124,,3018513333
01-01-2023,1196.713623,1203.475342,1192.885376,1200.964844,,2399674550
02-01-2023,1201.103271,1219.860596,1195.214966,1214.656616,,3765758498
03-01-2023,1214.744019,1219.095337,1207.491577,1214.778809,,3392972131
04-01-2023,1214.718628,1264.807495,1213.168823,1256.526611,,6404416893
05-01-2023,1256.484619,1258.571533,1245.173096,1250.438599,,4001786456
06-01-2023,1250.458984,1273.220337,1240.94751,1269.379028,,4977252792
07-01-2023,1269.4198,1270.598267,1262.271118,1264.270386,,2565213548
08-01-2023,1264.181885,1287.359497,1260.226807,1287.359497,,3495088905
09-01-2023,1287.450806,1342.144165,1286.680786,1321.53894,,7990438824
10-01-2023,1321.395508,1342.757202,1318.527222,1336.58606,,5830173253
11-01-2023,1336.486816,1387.932739,1323.58313,1387.932739,,6314904311
12-01-2023,1405.35144,1432.28125,1378.422119,1417.938477,,12230193038
13-01-2023,1417.946167,1461.672729,1404.023926,1451.614868,,7684148212
14-01-2023,1451.428467,1563.739136,1450.988403,1550.706909,,15444626014
15-01-2023,1550.731567,1556.950806,1520.893799,1552.479492,,6774614499
16-01-2023,1552.519287,1594.039795,1529.573608,1576.833496,,8454485431
17-01-2023,1577.107422,1594.000977,1553.335938,1567.846069,,7599462786
18-01-2023,1567.698975,1602.106689,1509.422852,1515.506958,,10354880595
19-01-2023,1515.249634,1557.970337,1514.380005,1552.556519,,6432638856
20-01-2023,1552.373657,1659.885742,1544.917847,1659.75415,,8528894754
21-01-2023,1659.706055,1674.179321,1626.812988,1627.118164,,8859250310
22-01-2023,1627.365967,1658.023438,1612.085693,1628.38208,,7517988734
23-01-2023,1628.550781,1641.21814,1607.903076,1628.251099,,8264507375
24-01-2023,1627.848267,1639.723877,1551.389771,1556.604248,,8180274691
25-01-2023,1556.807495,1632.241699,1530.797852,1611.71106,,10598973448
26-01-2023,1611.080933,1626.198242,1586.598145,1603.105957,,8395315241
27-01-2023,1603.080078,1617.000854,1565.244995,1598.156494,,8124465373
28-01-2023,1598.125366,1604.704102,1565.390137,1572.435059,,5803653357
29-01-2023,1572.629517,1653.724976,1568.984863,1646.15564,,8801292300
30-01-2023,1646.147705,1646.651611,1546.660767,1567.326538,,9180418120
31-01-2023,1567.419922,1598.517578,1563.804321,1586.5354,,6585191019
01-02-2023,1586.488159,1644.727539,1566.8573,1641.792725,,8116969489
02-02-2023,1641.365967,1704.45813,1641.322632,1643.241577,,10558081069
03-02-2023,1642.904663,1670.696899,1634.223389,1664.745605,,8169519805
04-02-2023,1664.47229,1690.099609,1648.189209,1667.059204,,5843302512
05-02-2023,1667.166504,1671.770264,1616.391846,1631.645874,,6926696531
06-02-2023,1631.645264,1653.715454,1611.319092,1616.24707,,6919871886
07-02-2023,1616.009644,1673.797852,1614.863037,1672.00354,,8030277434
08-02-2023,1671.905273,1688.527222,1635.265015,1650.716797,,7806089579
09-02-2023,1651.082275,1655.234863,1537.182251,1546.438232,,10524969124
10-02-2023,1546.596558,1553.325684,1504.834473,1514.869141,,8397387897
11-02-2023,1514.941895,1541.334717,1510.146973,1539.926758,,5064007416
12-02-2023,1539.776001,1545.554199,1501.462036,1515.033691,,5319698775
13-02-2023,1514.916992,1524.731445,1470.023926,1507.165894,,9363855114
14-02-2023,1506.992065,1562.034302,1497.194458,1556.875122,,9249575045
15-02-2023,1556.765137,1674.289795,1545.689697,1673.745972,,10015035156
16-02-2023,1673.867432,1732.801147,1638.145508,1640.067627,,12704861676
17-02-2023,1640.280151,1716.78186,1636.173828,1694.783325,,9802443159
18-02-2023,1694.741821,1705.309082,1683.670166,1691.819458,,5491437195
19-02-2023,1691.680176,1718.947632,1673.906616,1681.436157,,6959144003
20-02-2023,1682.337036,1716.48938,1659.295044,1702.675171,,7703604237
21-02-2023,1702.797852,1714.285645,1642.396729,1658.036377,,8721608198
22-02-2023,1658.140991,1663.996826,1604.803345,1643.231689,,9189387004
23-02-2023,1643.298584,1674.601563,1632.566162,1651.073853,,9013236167
24-02-2023,1650.895142,1661.091309,1583.147827,1608.373169,,8909129423
25-02-2023,1608.658325,1608.865112,1567.631714,1594.914917,,5657686235
26-02-2023,1594.761108,1645.273438,1590.393066,1640.817139,,5727967432
27-02-2023,1640.763672,1662.575684,1615.387939,1634.326416,,7239824677
28-02-2023,1634.502441,1644.435791,1602.428101,1605.895142,,6323676957
01-03-2023,1606.040405,1663.433716,1601.548584,1663.433716,,7701847224
02-03-2023,1663.549072,1672.051147,1622.599976,1647.319336,,7080950926
03-03-2023,1647.557739,1648.475342,1552.451538,1569.167603,,9922240199
04-03-2023,1569.278076,1575.637207,1551.736816,1566.92395,,4389045367
05-03-2023,1567.179321,1584.208862,1559.954102,1564.46875,,5020886238
06-03-2023,1564.383179,1579.456299,1557.363525,1567.398682,,5245153345
07-03-2023,1567.424683,1579.162231,1543.127563,1561.933105,,6854058349
08-03-2023,1561.977905,1568.175293,1534.088257,1534.088257,,7130327525
09-03-2023,1534.031616,1544.108398,1423.264771,1438.660767,,9457897583
10-03-2023,1438.760132,1438.760132,1378.525391,1429.158081,,12665194936
11-03-2023,1429.10083,1484.136963,1428.723145,1482.616699,,14917080154
12-03-2023,1482.431885,1607.152588,1461.610962,1590.292969,,11480965122
13-03-2023,1590.831177,1699.911743,1572.074707,1680.30896,,15711468959
14-03-2023,1680.295288,1779.917847,1665.902344,1703.50708,,16159781303
15-03-2023,1705.189941,1721.079224,1616.630371,1656.180542,,12715339905
16-03-2023,1656.332031,1693.139282,1639.261719,1677.215454,,9364980166
17-03-2023,1677.296753,1799.343994,1667.131836,1792.485107,,12467445117
18-03-2023,1793.592407,1840.357544,1751.262817,1761.659668,,10317822213
19-03-2023,1762.963257,1843.844116,1762.963257,1785.576538,,9170565472
20-03-2023,1785.41626,1807.72522,1728.10376,1735.321289,,10978325507
21-03-2023,1735.61792,1836.288574,1725.007324,1806.760742,,10758627746
22-03-2023,1804.957031,1821.458252,1717.765137,1737.717041,,12484103560
23-03-2023,1737.140869,1853.888062,1732.524658,1816.405151,,11012966854
24-03-2023,1815.819824,1819.935303,1730.349487,1752.0448,,10913669383
25-03-2023,1751.469482,1762.674561,1716.651978,1743.764771,,6614309912
26-03-2023,1743.842163,1797.880249,1741.182861,1775.676758,,6990313307
27-03-2023,1775.481323,1781.379272,1690.516602,1715.460815,,8585750760
28-03-2023,1715.327393,1791.110962,1702.564697,1772.785645,,8346890042
29-03-2023,1772.899902,1825.600952,1772.899902,1793.001831,,9136176952
30-03-2023,1793.345947,1827.280273,1766.248901,1792.737183,,9724496987
31-03-2023,1793.620117,1844.677368,1783.142212,1822.022095,,9149379763
01-04-2023,1821.704346,1840.173096,1811.11853,1813.860596,,5556443606
02-04-2023,1821.192139,1824.328857,1774.872437,1795.70813,,6199721188
03-04-2023,1794.922485,1839.157837,1765.518921,1810.297119,,9643826401
04-04-2023,1810.14209,1886.594604,1802.955444,1871.005127,,10398322335
05-04-2023,1870.965088,1937.497559,1865.941895,1909.114014,,10319231689
06-04-2023,1909.143555,1909.271729,1857.085083,1872.922607,,8263191830
07-04-2023,1872.734131,1882.299194,1845.993896,1865.636108,,8356130492
08-04-2023,1864.679077,1879.107788,1848.875488,1849.498169,,5016362733
09-04-2023,1849.672241,1873.057373,1828.700073,1859.387817,,6361497715
10-04-2023,1859.741211,1917.300171,1848.164185,1911.20752,,8380134275
11-04-2023,1911.375854,1936.728271,1886.53418,1892.189697,,8877222956
12-04-2023,1891.949707,1929.881226,1860.036865,1920.682129,,11010714187
13-04-2023,1917.698364,2022.150146,1901.860352,2012.634644,,12546950499
14-04-2023,2013.930664,2126.31665,2011.503296,2101.635498,,16298099411
15-04-2023,2101.616455,2111.075439,2076.510742,2092.466797,,8036468153
16-04-2023,2092.281006,2137.445068,2076.832031,2120.005859,,7898126856
17-04-2023,2120.001221,2120.113525,2063.038574,2076.24292,,9648882546
18-04-2023,2075.855225,2121.531494,2057.653809,2104.537354,,9134015143
19-04-2023,2103.946289,2104.857178,1928.582886,1936.403442,,13779745451
20-04-2023,1936.417969,1979.573364,1918.132813,1943.097656,,11324135406
21-04-2023,1943.409912,1955.64917,1827.78894,1849.999878,,12044274581
22-04-2023,1849.286499,1886.781616,1845.849243,1874.228638,,6970642726
23-04-2023,1874.171509,1882.229736,1838.992432,1862.062012,,6607451862
24-04-2023,1862.085327,1888.193726,1811.792114,1842.757446,,8438191338
25-04-2023,1842.204346,1877.484985,1805.322876,1866.753662,,8677255481
26-04-2023,1866.148926,1962.567627,1792.463867,1866.564209,,14356524696
27-04-2023,1866.693237,1936.94519,1863.147949,1908.786377,,14008145806
28-04-2023,1909.273071,1923.199219,1876.29187,1892.512817,,7691759733
29-04-2023,1892.565063,1916.973755,1887.990479,1908.916992,,4796651246
30-04-2023,1908.741333,1938.417969,1876.924316,1876.924316,,6539641957
01-05-2023,1868.891113,1886.206421,1809.193237,1831.954834,,8625783201
02-05-2023,1831.726563,1879.759521,1824.327026,1870.789307,,7536785767
03-05-2023,1870.687134,1915.50415,1845.871826,1904.651855,,8306390869
04-05-2023,1905.168945,1915.871704,1868.629761,1877.704102,,6578438233
05-05-2023,1877.83313,1998.413574,1876.946655,1995.060913,,9498261360
06-05-2023,1995.479126,2017.559448,1870.605591,1900.221802,,9623243037
07-05-2023,1899.917603,1933.998413,1873.076416,1873.076416,,6883942236
08-05-2023,1872.475098,1886.162109,1818.450562,1849.042725,,9895102899
09-05-2023,1849.061035,1860.66748,1832.906982,1848.603149,,6129516088
10-05-2023,1848.213501,1886.800293,1795.668823,1842.401489,,9945549603
11-05-2023,1842.492065,1842.492065,1774.132568,1796.490601,,8353828312
12-05-2023,1795.176636,1812.424927,1742.403809,1808.019775,,9047198660
13-05-2023,1808.375,1816.058472,1788.475586,1796.114868,,4647630864
14-05-2023,1796.10791,1823.490723,1793.22876,1800.500977,,4711210241
15-05-2023,1800.371216,1845.695435,1787.536377,1817.549927,,6748889346
16-05-2023,1816.824219,1830.351563,1797.84375,1824.12146,,5595959668
17-05-2023,1824.068359,1835.554565,1786.671997,1821.859619,,6352161579
18-05-2023,1822.068237,1831.450317,1774.195068,1801.728516,,5673124255
19-05-2023,1800.994385,1826.194214,1797.434448,1812.589478,,4796110259
20-05-2023,1812.766113,1829.009644,1808.046753,1820.478027,,2951655969
21-05-2023,1820.138062,1827.921997,1799.946899,1804.531372,,3386768865
22-05-2023,1804.841919,1826.696533,1793.223999,1817.53479,,4534841049
23-05-2023,1817.781128,1869.343994,1816.287964,1854.380615,,6820047160
24-05-2023,1854.299683,1854.299683,1780.925537,1800.099976,,7101647419
25-05-2023,1799.845215,1815.994751,1763.365112,1805.953735,,6321689859
26-05-2023,1805.725464,1837.865845,1798.406006,1828.689697,,5451414258
27-05-2023,1828.575684,1836.18457,1817.492065,1831.118286,,3216737652
28-05-2023,1831.098633,1915.723267,1825.467285,1910.914185,,6359610561
29-05-2023,1909.297485,1926.421753,1879.077515,1893.078125,,5884674572
30-05-2023,1893.09314,1916.574951,1883.934692,1901.026611,,5363439784
31-05-2023,1901.098267,1907.0354,1852.094727,1874.130493,,5984512548
01-06-2023,1873.914673,1887.705322,1846.227417,1862.201416,,5640027197
02-06-2023,1862.423706,1910.278442,1851.964722,1907.256592,,6097746022
03-06-2023,1907.420776,1908.822266,1885.485474,1892.412476,,3472274607
04-06-2023,1892.398193,1912.205688,1885.651855,1890.51355,,3747042696
05-06-2023,1890.417603,1890.640503,1780.211548,1811.828369,,9246593033
06-06-2023,1810.581421,1896.222656,1801.405273,1884.494873,,8704411776
07-06-2023,1884.372925,1893.809082,1822.303101,1832.395996,,7919894455
08-06-2023,1832.51355,1861.136108,1830.165039,1846.30188,,4536041931
09-06-2023,1846.077881,1854.824951,1828.544556,1840.22522,,4610831509
10-06-2023,1840.391968,1844.785645,1721.443115,1752.384766,,10788500406
11-06-2023,1752.527588,1776.847168,1741.110474,1753.415283,,4559112981
12-06-2023,1753.075439,1757.65979,1722.906372,1742.528687,,6031384958
13-06-2023,1742.390137,1761.955444,1727.749878,1739.037598,,6214125203
14-06-2023,1739.250122,1749.163208,1637.187744,1650.519287,,7462905534
15-06-2023,1650.498169,1676.406616,1624.138306,1665.519775,,7328564880
16-06-2023,1665.410645,1727.289551,1653.170898,1716.668823,,6281023479
17-06-2023,1716.671753,1766.763184,1714.150879,1727.204102,,4875187477
18-06-2023,1727.193726,1746.509155,1718.11145,1720.577515,,3820038842
19-06-2023,1720.505371,1745.134644,1705.813477,1737.659424,,5210480121
20-06-2023,1736.879761,1793.313965,1715.342529,1792.119995,,7171072578
21-06-2023,1791.994995,1898.668945,1788.489258,1891.007202,,11731457711
22-06-2023,1889.794434,1932.065552,1867.876587,1872.942993,,8477657143
23-06-2023,1872.540771,1932.531616,1865.192017,1892.862061,,8290615074
24-06-2023,1893.771973,1905.227417,1867.811523,1876.059692,,5026191704
25-06-2023,1875.849121,1929.079102,1870.850098,1900.506104,,6937581709
26-06-2023,1900.050293,1905.360474,1840.215088,1859.432861,,8619702292
27-06-2023,1859.346191,1911.311157,1856.838379,1889.703369,,7686042202
28-06-2023,1889.906494,1890.208984,1822.102783,1827.971191,,7135265016
29-06-2023,1828.059326,1876.530273,1828.059326,1852.227295,,5677228612
30-06-2023,1852.008423,1945.274292,1831.281006,1933.188965,,12895131248
01-07-2023,1933.323853,1942.701538,1910.848633,1924.565918,,5136809625
02-07-2023,1924.44812,1958.160767,1895.906982,1937.438354,,6343966490
03-07-2023,1937.883789,1974.775024,1934.688843,1955.38916,,7858509087
04-07-2023,1955.52417,1966.365356,1932.611328,1936.633545,,5683423776
05-07-2023,1936.796753,1942.432495,1897.124756,1910.588013,,6034088075
06-07-2023,1910.417114,1956.012329,1847.850708,1848.636475,,8905008384
07-07-2023,1847.512573,1876.963257,1832.025391,1870.602539,,6468885150
08-07-2023,1871.002075,1872.501587,1844.641724,1865.539551,,4299007854
09-07-2023,1865.594971,1878.668945,1857.748291,1863.009766,,4392863807
10-07-2023,1863.240234,1905.460815,1848.777222,1880.556396,,6336468234
11-07-2023,1880.654907,1889.381714,1863.218628,1878.33606,,4905225892
12-07-2023,1878.322021,1901.148438,1865.710083,1872.11377,,6379007000
13-07-2023,1872.040283,2011.885254,1864.496094,2006.511475,,11114853969
14-07-2023,2005.686157,2026.204956,1901.361206,1939.347046,,10627449471
15-07-2023,1939.129639,1946.019165,1928.187378,1931.466553,,4380084234
16-07-2023,1931.64502,1942.030884,1917.294067,1923.681885,,4329306566
17-07-2023,1923.694336,1936.177612,1875.120361,1911.646118,,6678090758
18-07-2023,1911.697021,1916.468384,1878.718506,1897.599243,,5814708445
19-07-2023,1897.797241,1919.264404,1883.067139,1889.007935,,6018487800
20-07-2023,1889.07373,1919.264404,1879.734375,1890.969116,,7366830684
21-07-2023,1891.581299,1905.38623,1885.296265,1892.080078,,4668158260
22-07-2023,1891.955078,1897.088013,1855.092773,1864.912354,,4101305643
23-07-2023,1866.094238,1904.483276,1859.568848,1889.19165,,4480604100
24-07-2023,1888.80957,1889.761963,1836.852417,1850.002075,,6344373569
25-07-2023,1850.027954,1867.323242,1845.981567,1857.741943,,4163381707
26-07-2023,1857.696533,1886.974121,1849.43689,1872.159912,,5781548155
27-07-2023,1872.086304,1885.591553,1855.321533,1860.357178,,4291339248
28-07-2023,1860.702515,1881.457275,1857.04895,1874.744873,,3800973336
29-07-2023,1874.560425,1885.529297,1870.333862,1881.068848,,2497302218
30-07-2023,1880.871582,1884.144165,1851.728027,1861.643799,,4003005547
31-07-2023,1861.755249,1875.629395,1851.915405,1856.162354,,4391613314
01-08-2023,1856.190186,1873.029907,1817.920776,1871.792114,,7634860636
02-08-2023,1873.46814,1877.511475,1822.348267,1839.089722,,6448512422
03-08-2023,1838.897949,1856.407593,1825.347778,1835.136475,,4710581074
04-08-2023,1834.890503,1847.912231,1817.413818,1827.712891,,4861242484
05-08-2023,1827.798584,1836.464844,1824.807983,1834.987915,,2866049749
06-08-2023,1834.845215,1836.248901,1824.986694,1827.462036,,2963395076
07-08-2023,1827.239502,1842.522583,1804.716675,1826.938843,,5837881974
08-08-2023,1826.93103,1873.847168,1824.430054,1855.807373,,5812855406
09-08-2023,1855.779419,1869.736572,1845.489746,1854.297607,,5870081833
10-08-2023,1854.348267,1863.310913,1845.442261,1850.753418,,3760304518
11-08-2023,1850.741699,1855.06604,1839.569214,1847.12439,,3353025102
12-08-2023,1847.171997,1852.281006,1845.719238,1848.889893,,2291124840
13-08-2023,1849.053833,1859.916382,1834.804321,1839.280151,,3054625661
14-08-2023,1839.323486,1853.836304,1834.800415,1844.185791,,4083364724
15-08-2023,1844.164185,1845.547607,1816.325073,1826.932739,,4483923893
16-08-2023,1827.036377,1829.361206,1798.966675,1805.659058,,4976573383
17-08-2023,1805.567383,1807.714844,1551.713257,1684.933472,,14208462072
18-08-2023,1682.038452,1698.124268,1644.930908,1660.945068,,9645084584
19-08-2023,1660.84436,1693.228149,1654.075806,1669.471924,,4871231360
20-08-2023,1669.587769,1692.328735,1662.901489,1684.852051,,4105056995
21-08-2023,1685.022339,1685.082642,1651.959839,1667.269043,,5077248383
22-08-2023,1667.279297,1668.638672,1596.384033,1633.892578,,7244623133
23-08-2023,1634.401733,1696.593994,1629.581055,1679.274414,,7191868448
24-08-2023,1679.248291,1682.489746,1641.627075,1659.94458,,5104531920
25-08-2023,1660.269897,1671.970703,1635.967407,1652.935059,,5396997823
26-08-2023,1652.927246,1654.77771,1643.712646,1646.306763,,2423247747
27-08-2023,1646.271973,1659.26709,1645.902832,1657.513062,,2624065031
28-08-2023,1657.439819,1659.328735,1627.446777,1652.457397,,4855588534
29-08-2023,1652.27417,1742.637329,1639.576172,1729.725708,,11304916729
30-08-2023,1729.676636,1730.564697,1697.147217,1705.112183,,5023904190
31-08-2023,1705.364502,1720.011963,1634.850952,1645.63916,,6593153505
01-09-2023,1645.581299,1653.531738,1603.03418,1628.491211,,6104510092
02-09-2023,1628.559692,1644.03064,1627.976074,1637.025391,,2943590996
03-09-2023,1637.043579,1645.645142,1626.089233,1636.117676,,3151878318
04-09-2023,1635.724731,1642.653198,1618.523682,1629.655273,,3887968912
05-09-2023,1629.911011,1645.948364,1610.141235,1633.629395,,4417491902
06-09-2023,1633.912109,1656.932739,1611.147705,1632.252319,,4987397046
07-09-2023,1632.262817,1657.303711,1623.220459,1647.598267,,4907290296
08-09-2023,1647.807617,1657.136353,1617.796509,1636.137817,,4598495496
09-09-2023,1636.050415,1636.870728,1629.660889,1635.162354,,2081625742
10-09-2023,1635.21167,1635.433105,1604.040527,1616.828857,,4339499949
11-09-2023,1616.769775,1618.305786,1533.426758,1551.637695,,7693700923
12-09-2023,1551.497803,1619.114014,1549.493774,1592.429443,,6813819740
13-09-2023,1592.892334,1615.050293,1582.217529,1607.988525,,4979469106
14-09-2023,1608.031616,1640.522705,1607.735352,1626.974365,,5538958553
15-09-2023,1626.870117,1652.113159,1613.248657,1641.640381,,4348584771
16-09-2023,1641.446411,1649.988647,1632.577881,1635.22168,,2819575929
17-09-2023,1635.20105,1635.512939,1616.779297,1622.896729,,3032716258
18-09-2023,1623.081909,1669.015381,1609.957397,1637.347046,,5916674789
19-09-2023,1637.312012,1659.531738,1628.413208,1643.544678,,4405868861
20-09-2023,1643.495361,1649.619141,1610.420776,1622.890625,,5156431986
21-09-2023,1622.591797,1625.20459,1573.305786,1584.307007,,5191732312
22-09-2023,1584.002563,1601.53772,1579.101318,1593.268311,,3460791634
23-09-2023,1593.213135,1598.001709,1588.328979,1593.857788,,2101436678
24-09-2023,1593.825684,1600.207275,1576.783325,1580.853394,,3086456944
25-09-2023,1580.747437,1595.844116,1565.025513,1588.322876,,4394930984
26-09-2023,1588.023193,1598.097778,1580.165527,1593.417236,,3544861160
27-09-2023,1593.108276,1631.910767,1585.368896,1597.491211,,5533036096
28-09-2023,1597.671997,1666.02417,1597.294678,1652.88269,,6658092168
29-09-2023,1652.999878,1687.28125,1648.656494,1667.943848,,5529687537
30-09-2023,1667.834473,1692.531128,1666.563843,1671.161865,,3155292192
01-10-2023,1671.161499,1750.595703,1670.082153,1733.810425,,5054880180
02-10-2023,1732.984009,1743.563599,1646.077637,1663.627563,,8420552922
03-10-2023,1662.887207,1670.356323,1644.49646,1656.685669,,4742827302
04-10-2023,1656.735962,1657.25354,1629.426636,1647.838135,,5127524863
05-10-2023,1647.788208,1654.379028,1609.849976,1611.47644,,5403759057
06-10-2023,1611.365723,1659.609863,1611.365723,1645.831543,,4941208729
07-10-2023,1645.810913,1648.183716,1631.158203,1634.51123,,2578994988
08-10-2023,1634.657349,1641.182373,1618.189209,1633.548584,,3315554175
09-10-2023,1633.454834,1635.447876,1553.006958,1579.806641,,7020801716
10-10-2023,1580.112061,1593.741333,1553.031738,1567.713013,,5254966125
11-10-2023,1567.680786,1578.223511,1548.980469,1566.254761,,5416504273
12-10-2023,1566.355957,1566.878174,1523.237549,1539.612427,,5003930677
13-10-2023,1539.432861,1571.75061,1537.921143,1552.089478,,4575141511
14-10-2023,1552.263794,1560.325073,1545.73877,1555.256836,,2429214718
15-10-2023,1555.07605,1565.760864,1550.554565,1558.069824,,2923337883
16-10-2023,1558.313477,1628.15625,1555.989624,1600.534302,,8846928526
17-10-2023,1600.63562,1601.294678,1554.402954,1565.439575,,5032686973
18-10-2023,1565.382813,1584.726929,1556.736328,1563.749878,,4354138855
19-10-2023,1563.95813,1573.737671,1543.585083,1567.457031,,5035110867
20-10-2023,1567.570923,1628.609009,1562.302856,1604.66687,,6747486127
21-10-2023,1604.822266,1641.241821,1593.447998,1629.304443,,4212179634
22-10-2023,1629.297729,1667.666626,1623.984741,1663.429932,,5248406817
23-10-2023,1674.849243,1794.070435,1663.447998,1765.38269,,14362295879
24-10-2023,1766.014648,1852.684448,1758.690063,1784.4375,,15888690475
25-10-2023,1784.905029,1814.484741,1762.147095,1787.397583,,9439066475
26-10-2023,1787.481934,1865.095215,1764.013062,1804.039307,,11196672635
27-10-2023,1803.794922,1804.135864,1751.440063,1780.045288,,7493399771
28-10-2023,1780.084229,1800.605347,1773.436646,1776.618164,,4226112731
29-10-2023,1776.563965,1810.488647,1766.052979,1795.546021,,4358528382
30-10-2023,1795.589111,1829.249512,1779.364502,1810.088623,,7534051038
31-10-2023,1810.131592,1819.972656,1784.567627,1816.458984,,6477922747
01-11-2023,1815.87207,1858.312866,1786.409546,1847.089722,,10628825648
02-11-2023,1847.259888,1873.88501,1790.114746,1800.620972,,9004197724
03-11-2023,1800.916504,1835.07251,1779.635498,1832.795166,,7622864055
04-11-2023,1833.368896,1867.261353,1825.736572,1857.698608,,4845080427
05-11-2023,1857.39563,1911.608643,1848.620117,1894.157715,,8867152645
06-11-2023,1894.0271,1914.582642,1871.973022,1899.837402,,8104122602
07-11-2023,1900.599731,1907.561401,1852.790894,1888.124268,,9203228152
08-11-2023,1887.119019,1904.546265,1874.545654,1889.322388,,6751627017
09-11-2023,1888.940308,2130.885254,1884.204346,2120.561035,,24709695029
10-11-2023,2121.067383,2134.691406,2068.134277,2078.289795,,14740624457
11-11-2023,2078.05835,2089.530518,2035.082153,2052.713867,,10228351203
12-11-2023,2053.118652,2066.003418,2019.028076,2045.187012,,7951011698
13-11-2023,2045.354492,2116.010742,2031.954224,2055.265381,,14322027970
14-11-2023,2054.765381,2065.066895,1939.280396,1979.052612,,13087862495
15-11-2023,1979.472656,2061.991699,1968.774658,2060.408447,,12626326991
16-11-2023,2059.96582,2088.662354,1940.574219,1960.881592,,14651619483
17-11-2023,1961.867554,1990.050537,1910.445435,1961.280762,,11881648738
18-11-2023,1961.671265,1971.46228,1921.062378,1963.285034,,8064677046
19-11-2023,1963.180054,2015.633911,1944.900879,2013.204468,,7716048818
20-11-2023,2011.853394,2066.409912,1996.044312,2022.239136,,12866464824
21-11-2023,2022.217285,2035.035889,1937.066772,1937.066772,,13653500841
22-11-2023,1933.58313,2089.51416,1933.162964,2064.425293,,13372200584
23-11-2023,2063.905518,2088.031982,2041.464233,2062.210693,,7828437946
24-11-2023,2062.411865,2132.481201,2060.999023,2081.1521,,12141148820
25-11-2023,2081.296143,2091.342773,2067.917236,2084.413086,,5362623390
26-11-2023,2084.17749,2094.095947,2038.600464,2063.286133,,8054814154
27-11-2023,2062.390869,2070.606201,1988.120361,2027.417358,,10574810069
28-11-2023,2027.517212,2074.954102,1996.814697,2049.338135,,9910633038
29-11-2023,2049.186768,2071.994385,2020.756592,2029.929199,,8945151861
30-11-2023,2029.358398,2054.444336,2022.461792,2052.556152,,8107789163
01-12-2023,2052.09668,2109.319092,2046.557007,2087.139893,,10866891430
02-12-2023,2087.663574,2182.817871,2087.407959,2165.704102,,9130124831
03-12-2023,2165.895752,2213.175781,2151.720947,2193.69165,,8278465782
04-12-2023,2193.66333,2273.069824,2193.007324,2243.21582,,16149367134
05-12-2023,2243.092529,2306.570313,2191.17627,2293.841797,,15383072559
06-12-2023,2293.628174,2310.713135,2225.081055,2231.661377,,12790612571
07-12-2023,2233.217773,2380.729736,2225.050537,2357.57959,,14766891042
08-12-2023,2357.169189,2387.514404,2340.92041,2358.731934,,12543458699
09-12-2023,2358.686035,2401.760498,2331.666016,2341.175293,,10613312823
10-12-2023,2341.440186,2376.749756,2323.405762,2352.462646,,7369608905
11-12-2023,2352.496582,2354.914063,2160.358154,2224.578857,,17989249470
12-12-2023,2224.391113,2242.55127,2166.77002,2202.038086,,11391132228
13-12-2023,2202.600342,2283.099121,2150.754395,2260.648682,,12576395493
14-12-2023,2260.736084,2331.601563,2239.366211,2316.579102,,12608711052
15-12-2023,2316.110352,2316.892822,2214.263184,2219.337402,,10259157898
16-12-2023,2220.415527,2260.809814,2213.550781,2226.926514,,6866555430
17-12-2023,2226.892578,2244.366455,2195.761719,2196.481201,,7410453853
18-12-2023,2195.341797,2222.019287,2120.127441,2217.273438,,10366536490
19-12-2023,2218.240967,2253.348877,2139.723389,2177.872559,,10619179629
20-12-2023,2177.239502,2263.329102,2161.21875,2201.911377,,12652290807
21-12-2023,2201.790039,2278.121582,2184.856689,2239.54248,,12616530536
22-12-2023,2239.598145,2341.94751,2233.532715,2326.524902,,16137246310
23-12-2023,2326.71582,2332.072021,2270.428955,2309.046387,,7995772945
24-12-2023,2309.626709,2325.705078,2249.984375,2265.692139,,9450799236
25-12-2023,2265.340576,2303.551025,2254.574463,2272.561768,,8036302656
26-12-2023,2272.21875,2274.557373,2180.225342,2231.465332,,10668581464
27-12-2023,2231.393066,2392.608643,2215.140381,2378.73999,,14161342927
28-12-2023,2380.200684,2445.017578,2338.703857,2347.566162,,15660799060
29-12-2023,2346.84375,2386.004639,2262.97583,2300.690674,,12536968996
30-12-2023,2300.399658,2322.021484,2270.011963,2292.06543,,6888195427
31-12-2023,2291.945313,2318.512939,2261.394287,2281.471191,,6871481744
01-01-2024,2282.870361,2352.327881,2267.018066,2352.327881,,6906765990
02-01-2024,2352.593506,2431.212402,2348.892334,2355.836426,,12910543630
03-01-2024,2355.981445,2385.117676,2113.925293,2210.761963,,19332933581
04-01-2024,2210.529053,2294.608154,2204.865723,2269.038086,,11044564896
05-01-2024,2269.409424,2276.764648,2209.537109,2268.647217,,10860953290
06-01-2024,2269.540039,2271.359375,2219.781982,2241.624756,,5970741680
07-01-2024,2242.012695,2257.12793,2211.5625,2222.865967,,6490053615
08-01-2024,2222.857666,2358.815674,2171.993652,2333.032715,,13830287095
09-01-2024,2332.868164,2369.641602,2243.219238,2344.827148,,14891130716
10-01-2024,2344.923584,2626.976807,2341.943115,2582.103516,,29042100476
11-01-2024,2584.171631,2687.779053,2567.993652,2619.619141,,22575246883
12-01-2024,2619.177002,2710.421875,2460.925537,2524.460205,,23623839263
13-01-2024,2522.933838,2589.079834,2498.594482,2576.5979,,12250316867
14-01-2024,2578.003662,2578.332275,2470.424316,2472.241211,,9405587417
15-01-2024,2471.666992,2550.769043,2470.820801,2511.36377,,9700630000
16-01-2024,2510.627197,2613.566895,2500.003906,2587.691162,,11063317095
17-01-2024,2587.044678,2592.737061,2508.432861,2528.369385,,10441017520
18-01-2024,2528.593262,2546.263916,2426.135498,2467.018799,,11900028080
19-01-2024,2468.688965,2501.305176,2414.710938,2489.498535,,11405278376
20-01-2024,2489.847656,2489.847656,2456.095703,2469.589111,,5297826161
21-01-2024,2469.798584,2479.760498,2452.377686,2453.913086,,4578471955
22-01-2024,2454.987305,2463.447266,2303.502686,2310.826416,,13923771728
23-01-2024,2310.95166,2348.03125,2167.282471,2240.686035,,16182147521
24-01-2024,2241.749756,2261.384521,2197.656738,2233.561768,,10134722960
25-01-2024,2233.969971,2240.380859,2173.686523,2217.710205,,9302247037
26-01-2024,2217.441895,2280.383789,2196.140137,2267.199707,,9975117607
27-01-2024,2267.319336,2282.544434,2252.385254,2267.885986,,5144367230
28-01-2024,2268.192871,2306.898682,2242.683838,2257.20874,,7296214994
29-01-2024,2256.995361,2320.027344,2237.71167,2317.064209,,8948195551
30-01-2024,2317.435791,2388.870605,2298.281982,2344.493652,,10173440062
31-01-2024,2343.558838,2349.611328,2264.443604,2282.544434,,10807883277
01-02-2024,2282.175293,2309.842529,2243.571777,2303.824707,,8895583113
02-02-2024,2303.706055,2323.053467,2282.230225,2308.038086,,7186143091
03-02-2024,2307.980225,2327.346924,2293.538086,2296.03833,,4647754021
04-02-2024,2296.116943,2309.01123,2272.304932,2289.546143,,5438100035
05-02-2024,2289.205566,2334.676758,2270.067871,2298.888916,,7277068110
06-02-2024,2298.955078,2389.826172,2296.788574,2372.201904,,9520885493
07-02-2024,2372.262695,2442.63623,2353.706055,2423.745117,,9660628536
08-02-2024,2424.080078,2459.556641,2414.749512,2419.906494,,9941841732
09-02-2024,2419.773682,2522.724609,2419.362793,2487.515625,,13634203177
10-02-2024,2487.650391,2516.719727,2475.857666,2501.228271,,6474444159
11-02-2024,2501.129883,2537.679199,2495.214355,2507.570557,,7347245813
12-02-2024,2507.578857,2663.842773,2473.812012,2658.115967,,13022696866
13-02-2024,2659.586182,2686.455078,2599.169434,2642.185303,,18271237044
14-02-2024,2641.685303,2786.893555,2621.025391,2777.902344,,21448973822
15-02-2024,2777.601318,2865.845459,2764.010498,2824.378906,,23734481937
16-02-2024,2825.480713,2858.450439,2760.331055,2803.691406,,17057114638
17-02-2024,2803.73584,2805.128662,2724.386963,2786.672607,,17932379943
18-02-2024,2786.709717,2892.843506,2767.913086,2878.998047,,23355830478
19-02-2024,2881.296875,2983.370605,2860.263672,2943.574707,,15163110589
20-02-2024,2944.106445,3031.524414,2879.90332,3013.503662,,20341598470
21-02-2024,3015.65332,3017.19043,2875.418457,2970.355469,,18897136867
22-02-2024,2969.599854,3030.666016,2907.109375,2971.007324,,18058908246
23-02-2024,2970.139648,2991.32959,2906.58374,2921.658203,,12822717059
24-02-2024,2921.962891,3003.195068,2907.700684,2992.385986,,10701688842
25-02-2024,2992.366699,3117.428955,2984.393066,3112.697266,,14620450464
26-02-2024,3112.529053,3197.375,3037.95459,3178.993652,,17504464351
27-02-2024,3178.405029,3287.958008,3167.830566,3244.519287,,21090315368
28-02-2024,3243.893311,3485.450928,3201.575928,3385.703857,,32885894265
29-02-2024,3386.802734,3518.969238,3303.905273,3341.919678,,28469171094
01-03-2024,3341.96582,3452.626221,3341.851074,3435.053955,,16880101987
02-03-2024,3436.15918,3459.747314,3398.898926,3422.049805,,12024340617
03-03-2024,3422.875244,3491.168457,3372.214111,3490.993652,,13643324467
04-03-2024,3489.340088,3641.459229,3446.017578,3630.433838,,26772963830
05-03-2024,3631.928955,3828.159668,3224.119385,3554.9646,,47706899137
06-03-2024,3554.067871,3901.434326,3502.80249,3819.226318,,34938642613
07-03-2024,3818.311035,3939.593994,3738.685303,3874.347656,,22457177587
08-03-2024,3874.830811,3998.826416,3828.363281,3892.061035,,26135487051
09-03-2024,3892.119141,3950.396484,3880.658936,3915.418945,,11926623780
10-03-2024,3915.590576,3968.723633,3800.564453,3881.193115,,15783924355
11-03-2024,3881.237793,4087.050049,3745.125244,4066.445068,,28806262507
12-03-2024,4066.69043,4092.28418,3831.889893,3980.273193,,26917010932
13-03-2024,3980.265137,4083.007324,3936.627197,4006.457031,,22028114691
14-03-2024,4005.745117,4011.102783,3721.788574,3883.140381,,25434810823
15-03-2024,3882.856934,3928.775635,3571.774658,3735.220215,,33505075433
16-03-2024,3736.10498,3780.894531,3468.079346,3522.860107,,20199855932
17-03-2024,3523.029785,3676.263428,3414.172363,3642.413086,,19938757095
18-03-2024,3642.298828,3642.49707,3456.091309,3517.985107,,21162220224
19-03-2024,3518.347656,3546.582275,3149.286865,3157.618164,,34166976701
20-03-2024,3158.396729,3534.826416,3059.654785,3513.393066,,36605316331
21-03-2024,3514.017578,3586.905029,3412.222656,3492.991211,,22213647922
22-03-2024,3492.897949,3541.898193,3254.969238,3333.687988,,20574952329
23-03-2024,3335.592529,3433.758057,3273.115479,3336.593994,,13242137554
24-03-2024,3336.666016,3470.344482,3301.277344,3454.636475,,12156660941
25-03-2024,3454.885742,3657.118896,3421.790527,3590.883789,,18603921705
26-03-2024,3591.085205,3678.789795,3545.428711,3587.504883,,18505553577
27-03-2024,3587.313721,3664.383057,3460.393555,3500.115234,,18753082145
28-03-2024,3500.216064,3609.705322,3465.332275,3561.293945,,16419674157
29-03-2024,3561.011719,3583.701416,3475.725586,3511.806152,,12712701619
30-03-2024,3511.827637,3566.084473,3489.9021,3507.944336,,9389066783
31-03-2024,3507.95166,3655.218994,3507.242676,3647.856445,,10499881424
01-04-2024,3647.81958,3648.12915,3418.695313,3505.030029,,16002098681
02-04-2024,3504.818359,3506.962891,3215.985107,3277.234619,,22076539151
03-04-2024,3277.324219,3368.111572,3205.64917,3311.441895,,16010734587
04-04-2024,3311.495361,3443.20752,3253.319336,3330.040527,,14476330517
05-04-2024,3330.005859,3345.666504,3214.244141,3318.885254,,15214447092
06-04-2024,3318.864746,3397.592529,3308.983398,3354.183838,,8956926798
07-04-2024,3354.213867,3458.508301,3346.114746,3453.494629,,9931108526
08-04-2024,3453.498779,3727.616455,3409.511719,3695.292725,,19055143129
09-04-2024,3695.341797,3724.922363,3455.107666,3505.16333,,18279773833
10-04-2024,3505.156006,3561.516357,3415.18042,3543.737061,,16872482726
11-04-2024,3543.452148,3616.194336,3477.171143,3505.247803,,14076734489
12-04-2024,3505.329834,3552.589111,3103.430176,3243.034912,,22104869556
13-04-2024,3242.940918,3299.663818,2862.393555,3004.900391,,29930408174
14-04-2024,3005.547607,3174.666504,2914.422852,3156.941895,,25486284994
15-04-2024,3156.830078,3277.561523,3026.538818,3101.600342,,21925843181
16-04-2024,3101.140625,3127.160889,2997.754639,3084.920166,,19441391169
17-04-2024,3084.923584,3123.669678,2918.553711,2984.727539,,17711869375
18-04-2024,2984.705322,3094.842041,2956.127441,3066.027588,,15183777035
19-04-2024,3065.953125,3127.11499,2868.795898,3059.278564,,20399982867
20-04-2024,3059.478027,3170.672852,3021.784912,3157.627197,,9918642130
21-04-2024,3157.571045,3197.506348,3119.552002,3147.288574,,9394387894
22-04-2024,3147.663574,3236.65918,3131.367432,3201.6521,,12063858733
23-04-2024,3201.588623,3264.419434,3154.589844,3219.911621,,11054442653
24-04-2024,3219.957031,3292.921631,3105.982178,3139.805176,,14000234760
25-04-2024,3139.624268,3190.976318,3074.804688,3156.509521,,13989030260
26-04-2024,3156.384033,3166.188721,3103.104004,3130.164795,,10622333862
27-04-2024,3129.727051,3279.451172,3071.340088,3252.168213,,11820785577
28-04-2024,3252.245605,3351.176514,3249.14917,3262.774658,,11379192678
29-04-2024,3262.34082,3285.46875,3116.199951,3215.428955,,15032246816
30-04-2024,3215.381104,3249.378418,2918.22876,3012.286865,,18266894653
